연번,역명,호선,구,동,상세주소,lon,lat
1,서울,1,중구,봉래동,서울특별시 중구 봉래동2가 122 서울역(1호선),126.9694999,37.5574069
2,시청,1,중구,정동,서울특별시 중구 정동 5-5 시청역(1호선),126.9753112,37.56389
3,종각,1,종로구,종로1가,서울특별시 종로구 종로1가 54 종각지하철역사,126.983116,37.570178
4,종로3가,1,종로구,종로3가,서울특별시 종로3가 10-5  1호선 종로3가역(1호선),126.9912475,37.5715
5,종로5가,1,종로구,종로5가,서울특별시 종로구 종로5가 82-1 1호선 종로5가역,127.0023506,37.5708307
6,동대문,1,종로구,창신동,서울특별시 종로구 창신동 492-1 1호선 동대문역(1호선),127.0111585,37.5717398
7,신설동,1,동대문구,신설동,서울특별시 동대문구 신설동 76-5 신설동역(1호선),127.0245602,37.5760874
8,제기동,1,동대문구,제기동,서울특별시 동대문구 제기동 65 제기동역,127.0345907,37.5781758
9,청량리(서울시립대입구),1,동대문구,전농동,서울특별시 동대문구 전농동 620-69 청량리역,127.0459903,37.5797844
10,동묘앞,1,종로구,숭인동,서울특별시 종로구 숭인동 117 동묘앞역(1호선),127.0166486,37.5732808
11,시청,2,중구,서소문동,서울특별시 중구 서소문동 90-1 시청역(2호선),126.9753112,37.56389
12,을지로입구,2,중구,을지로1가,서울특별시 중구 을지로1가 100-1 을지로입구역,126.982679,37.566065
13,을지로3가,2,중구,을지로3가,서울특별시 중구 을지로3가 347-3 을지로3가역(2호선),126.9902025,37.56617
14,을지로4가,2,중구,을지로4가,서울특별시 중구 을지로4가 267-1 을지로4가역(2호선),126.997631,37.56662
15,동대문역사문화공원,2,중구,을지로7가,서울특별시 중구 을지로 7가 112-3 동대문역사문화공원역(2호선),127.0084849,37.5657177
16,신당,2,중구,신당동,서울특별시 중구 신당동 99 신당역(2호선),127.0196049,37.5656465
17,상왕십리,2,성동구,하왕십리동,서울특별시 성동구 하왕십리동 946-14 상왕십리역,127.02986,37.56408
18,왕십리(성동구청),2,성동구,행당동,서울특별시 성동구 행당동 192 왕십리역(2호선),127.035505,37.5611284
19,한양대,2,성동구,행당동,서울특별시 성동구 행당동 산17 17 한양대역,127.0436859,37.5555961
20,뚝섬,2,성동구,성수동1가,서울특별시 성동구 성수동1가 656-745 뚝섬역,127.0473802,37.5471773
21,성수,2,성동구,성수동2가,서울특별시 성동구 성수동2가 300-1 성수역,127.0569347,37.5445389
22,건대입구,2,광진구,화양동,서울특별시 광진구 화양동 7-3 2호선 건대입구역(2호선),127.0690169,37.5407618
23,구의(광진구청),2,광진구,구의동,서울특별시 광진구 구의동 245-24 2호선 구의역,127.0907553,37.5382826
24,강변(동서울터미널),2,광진구,구의동,서울특별시 광진구 구의동 546-6 2호선 강변역,127.094689,37.535152
25,잠실나루,2,송파구,신천동,서울특별시 송파구 신천동 15 잠실나루역,127.103839,37.520669
26,잠실(송파구청),2,송파구,잠실동,서울특별시 송파구 잠실동 8 잠실역(2호선),127.0948475,37.515194
27,잠실새내,2,송파구,잠실동,서울특별시 송파구 잠실동 33 잠실새내역,127.085602,37.511632
28,종합운동장,2,송파구,잠실동,서울특별시 송파구 잠실동 122 종합운동장역,127.0742826,37.5110736
29,삼성(무역센터),2,강남,삼성동,서울특별시 강남구 삼성동 172-66 삼성역,127.0630673,37.5088263
30,선릉,2,강남,삼성동,서울특별시 강남구 삼성동 172-66 선릉역,127.0630673,37.5088263
31,역삼,2,강남,역삼동,서울특별시 강남구 역삼동 804 역삼역,127.028303,37.4981284
32,강남,2,강남,역삼동,서울특별시 강남구 역삼동 858 강남역,127.0299045,37.4985506
33,교대(법원·검찰청),2,서초구,서초동,서울특별시 서초구 서초동 1748-4 교대역(2호선),127.0190234,37.4887673
34,서초,2,서초구,서초동,서울특별시 서초구 서초동 1748-5 서초역,127.0105414,37.4927648
35,방배,2,서초구,방배동,서울특별시 서초구 방배동 912-14 방배역,126.9973202,37.4812965
36,사당,2,동작구,사당동,서울특별시 동작구 사당동 1129 사당역(2호선),126.9816401,37.4765394
37,낙성대,2,관악구,봉천동,서울특별시 관악구 봉천동 1693-39 2호선 낙성대역사,126.95999,37.4711007
38,서울대입구(관악구청),2,관악구,봉천동,서울특별시 관악구 봉천동 979-2 서울대입구역사,126.952712,37.48121
39,봉천,2,관악구,봉천동,서울툭별시 관악구 봉천동 979-7 2호선 봉천역사,126.941574,37.482476
40,신림,2,관악구,신림동,서울특별시 관악구 신림동 1467-10 2호선 신림역사,126.929676,37.484269
41,신대방,2,동작구,신대방동,서울특별시 동작구 신대방동 643-1 신대방역 2호선,126.91308,37.4874551
42,구로디지털단지,2,구로구,구로동,서울특별시 구로구 구로동 810-3 구로디지털단지역,126.90122,37.4849804
43,대림(구로구청),2,구로구,구로동,서울특별시 구로구 구로동 1204 대림역(2호선),126.89405,37.4932697
44,신도림,2,구로구,신도림동,서울특별시 구로구 신도림동 460-26 2호선 신도림역,126.8912091,37.5088341
45,문래,2,영등포구,문래동3가,서울특별시 영등포구 문래동3가 68-1문래역,126.8947513,37.5178873
46,영등포구청,2,영등포구,당산동3가,서울특별시 영등포구 당산동3가 270-1 영등포구청역(2호선),126.896621,37.5257723
47,당산,2,영등포구,당산동,서울특별시 영등포구 당산동 6가 323-1 당산역,126.9027301,37.5349309
48,합정,2,마포구,서교동,서울특별시 마포구 서교동 393 합정역(2호선),126.9145039,37.5500077
49,홍대입구,2,마포구,동교동,서울특별시 마포구 동교동 165 홍대입구역,126.923219,37.5562408
50,신촌,2,마포구,노고산동,서울특별시 마포구 노고산동 31-11 신촌역,126.9368898,37.5551357
51,이대,2,마포구,염리동,서울특별시 마포구 염리동 8-85 이대역,126.9477118,37.5568129
52,아현,2,마포구,아현동,서울특별시 마포구 아현동 354-23 아현역,126.9556609,37.5558896
53,충정로(경기대입구),2,서대문구,충정로3가,서울특별시 서대문구 충정로3가 319-1 충정로역(2호선),126.963994,37.559654
54,용답,2,성동구,용답동,서울특별시 성동구 용답동 127 용답역,127.0508327,37.562132
55,신답,2,성동구,용답동,서울특별시 성동구 용답동 129-2 신답역,127.04701,37.569889
56,용두(동대문구청),2,동대문구,용두동,서울특별시 동대문구 용두동 47-1 용두역,127.0379896,37.5738576
57,신설동,2,동대문구,신설동,서울특별시 동대문구 신설동 76-5 신설동역(2호선),127.0245591,37.5760865
58,도림천,2,구로구,신도림동,서울특별시 구로구 신도림동 323-16 도림천역,126.88264,37.51447
59,양천구청,2,양천구,신정동,서울특별시 양천구 신정동 276-7 양천구청역,126.865649,37.512332
60,신정네거리,2,양천구,신정동,서울특별시 양천구 신정동 1231 신정네거리역,126.8535941,37.5183163
61,까치산,2,강서구,화곡동,서울특별시 강서구 화곡동 662-5 까치산역,126.8463214,37.5325506
62,지축,3,고양시 덕양구,덕양구,경기도 고양시 덕양구 지축동 818-64 3호선 지축역,126.913746,37.648114
63,구파발,3,은평구,진관동,서울특별시 은평구 진관동 67-26 3호선 구파발역사무소,126.918833,37.636581
64,연신내,3,은평구,갈현동,서울특별시 은평구 갈현동 397 연신내역(3호선),126.9158948,37.6245589
65,불광,3,은평구,대조동,서울특별시 은평구 대조동 14-1 불광역(3호선),126.9301955,37.6100982
66,녹번,3,은평구,녹번동,서울특별시 은평구 녹번동 55 지하철3호선 녹번역,126.9357503,37.6009184
67,홍제,3,서대문구,홍제동,서울특별시 서대문구 홍제동 161-1 홍제역,126.9458373,37.5872664
68,무악재,3,서대문구,홍제동,서울특별시 서대문구 홍제동 26-1 무악재역,126.9517492,37.5816646
69,독립문,3,서대문구,현저동,서울특별시 서대문구 현저동 101 독립문역,126.9571103,37.5718949
70,경복궁(정부서울청사),3,종로구,적선동,서울특별시 종로구 적선동 81-1 3호선 경복궁역,126.9730579,37.5758199
71,안국,3,종로구,안국동,서울특별시 종로구 안국동 155-2 3호선 안국역,126.985472,37.576556
72,종로3가,3,종로구,묘동,서울특별시 종로구 묘동 59 종로3가역(3호선),126.9912475,37.5715
73,을지로3가,3,중구,을지로3가,서울특별시 중구 을지로3가 282-8 을지로3가역(3호선),126.9917735,37.566286
74,충무로,3,중구,필동2가,"서울특별시 중구 필동2가 16-2 충무로역(3, 4호선)",126.9935314,37.5609697
75,동대입구,3,중구,장충동2가,서울특별시 중구 장충동2가 199-3 동대입구역 3호선,127.005064,37.5591753
76,약수,3,중구,신당동,서울특별시 중구 신당동 369-44 약수역(3호선),127.0110164,37.5543795
77,금호,3,성동구,금호동4가,서울특별시 성동구 금호동4가 1470 금호역,127.0158826,37.5480381
78,옥수,3,성동구,옥수동,서울특별시 성동구 옥수동 168-1 옥수역,127.0172208,37.5398948
79,압구정,3,강남구,신사동,서울특별시 강남구 신사동 668 압구정역,127.0284569,37.5263901
80,신사,3,강남구,신사동,서울특별시 강남구 신사동 667 신사역,127.0203073,37.5163915
81,잠원,3,서초구,잠원동,서울특별시 서초구 잠원동 100-1 잠원역,127.0076626,37.5140695
82,고속터미널,3,서초구,반포동,서울특별시 서초구 반포동 19-11 고속터미널역(3호선),127.0049151,37.5049142
83,교대(법원·검찰청),3,서초구,서초동,서울특별시 서초구 서초동 1748-4 교대역(3호선),127.0190234,37.4887673
84,남부터미널(예술의전당),3,서초구,서초동,서울특별시 서초구 서초동 1748-30 남부터미널역,127.01629,37.484918
85,양재(서초구청),3,서초구,서초동,서울특별시 서초구 서초동 1366-9 양재역,127.0341755,37.4843603
86,매봉,3,강남구,도곡동,서울특별시 강남구 도곡동 179-2 매봉역,127.046918,37.487035
87,도곡,3,강남구,도곡동,서울특별시 강남구 도곡동 339-2 도곡역,127.0553064,37.4908245
88,대치,3,강남구,대치동,서울특별시 강남구 대치동 317-3 대치역,127.063446,37.494569
89,학여울,3,강남구,대치동,서울특별시 강남구 대치동 514-3 학여울역,127.0723618,37.4970066
90,대청,3,강남구,일원동,서울특별시 강남구 일원동 700-9 대청역,127.07995,37.49364
91,일원,3,강남구,일원동,서울특별시 강남구 일원동 717 일원역,127.0844127,37.4839534
92,수서,3,강남구,수서동,서울특별시 강남구 수서동 728 수서역,127.1018416,37.4873499
93,가락시장,3,송파구,가락동,서울특별시 송파구 가락동 184-23 가락시장역,127.118314,37.492959
94,경찰병원,3,송파구,가락동,서울특별시 송파구 가락동 10-15 경찰병원역,127.124206,37.495701
95,오금,3,송파구,오금동,서울특별시 송파구 오금동 44-2 오금역,127.1263422,37.5032462
96,당고개,4,노원구,상계동,서울특별시 노원구 상계동 111 당고개역,127.0794324,37.6704926
97,상계,4,노원구,상계동,서울특별시 노원구 상계동 156-203 상계역,127.0735256,37.6610953
98,노원,4,노원구,상계동,서울특별시 노원구 상계동 602-5 노원역(4호선),127.0640737,37.6564844
99,창동,4,도봉구,창동,서울특별시 도봉구 창동 135-1 창동역,127.0481139,37.6531856
100,쌍문,4,도봉구,창동,서울특별시 도봉구 창동 703-4 쌍문역,127.034866,37.6488107
101,수유(강북구청),4,강북구,수유동,서울특별시 강북구 수유동 140 수유역,127.0272077,37.6397753
102,미아(서울사이버대학),4,강북구,미아동,서울특별시 강북구 미아동 194-1 미아역,127.02615,37.626402
103,미아사거리,4,강북구,미아동,서울특별시 강북구 미아동 66-1 미아사거리역,127.0300461,37.6151041
104,길음,4,성북구,길음동,서울특별시 성북구 길음동 877-66 길음역,127.0249647,37.6032254
105,성신여대입구(돈암),4,성북구,동선동4가,서울특별시 성북구 동선동4가 1 성신여대입구역,127.0163931,37.5926556
106,한성대입구(삼선교),4,성북구,삼선동1가,서울특별시 성북구 삼선동1가 14 한성대입구역,127.0057966,37.5880209
107,혜화,4,종로구,명륜4가,서울특별시 종로구 명륜4가 96-5 4호선 혜화역,127.0013096,37.5833418
108,동대문,4,종로구,종로6가,서울특별시 종로구 종로6가 287-1 동대문역(4호선),127.0087664,37.5709391
109,동대문역사문화공원,4,중구,광희동2가,서울특별시 중구 광희동2가 9 동대문역사문화공원역(4호선),127.0071588,37.5644784
110,충무로,4,중구,필동2가,"서울특별시 중구 필동2가 16-2 충무로역(3, 4호선)",126.9935314,37.5609697
111,명동,4,중구,충무로2가,서울특별시 중구 충무로2가 109-2 명동역 4호선,126.9861868,37.5609892
112,회현(남대문시장),4,중구,남창동,서울특별시 중구 남창동 64-1 회현역 4호선,126.9776692,37.5591786
113,서울역,4,용산구,용산구,서울특별시 중구 용산구 동자동 14-151 서울역(4호선),126.9696195,37.5536067
114,숙대입구(갈월),4,용산구,갈월동,서울특별시 용산구 갈월동 16-7 숙대입구역,126.9718976,37.5441497
115,삼각지,4,용산구,한강로1가,서울특별시 용산구 한강로1가 228-1 삼각지역(4호선),126.9734515,37.5350315
116,신용산,4,용산구,한강로2가,서울특별시 용산구 한강로2가 181 4호선 신용산역,126.967886,37.529187
117,이촌(국립중앙박물관),4,용산구,용산동5가,서울특별시 용산구 용산동5가 17-112 4호선 이촌역,126.9747217,37.5222735
118,동작(현충원),4,동작구,동작동,서울특별시 동작구 동작동 327-1 4호선 동작역,126.9790995,37.503062
119,총신대입구(이수),4,동작구,사당동,서울특별시 동작구 사당동 736-1 총신대역4호선,126.9822238,37.4874887
120,사당,4,동작구,사당동,서울특별시 동작구 사당동 588-4 사당역(4호선),126.9816401,37.4765394
121,남태령,4,서초구,방배동,서울특별시 서초구 방배동 2909 남태령역,126.9892769,37.4642975
122,방화,5,강서구,방화동,서울특별시 강서구 방화동 829-15 방화역,126.8126263,37.5772156
123,개화산,5,강서구,방화동,서울특별시 강서구 방화동 846 개화산역,126.806839,37.572455
124,김포공항,5,강서구,방화동,서울특별시 강서구 방화동 886 김포공항역,126.8038755,37.5636432
125,송정,5,강서구,공항동,서울특별시 강서구 공항동 29-5 송정역,126.810935,37.561401
126,마곡,5,강서구,가양동,서울특별시 강서구 가양동 530-6 마곡역,126.826919,37.5619185
127,발산,5,강서구,가양동,서울특별시 강서구 가양동 967-3 발산역,126.837595,37.558683
128,우장산,5,강서구,화곡동,서울특별시 강서구 화곡동 1089-3 우장산역,126.836334,37.548783
129,화곡,5,강서구,화곡동,서울특별시 강서구 화곡동 1089-54 화곡역,126.8408434,37.5410793
130,까치산,5,강서구,화곡동,서울특별시 강서구 화곡동 662-5 까치산역(5호선),126.8463214,37.5325506
131,신정(은행정),5,양천구,신정동,서울특별시 양천구 신정동 1090 신정역,126.856181,37.524987
132,목동,5,양천구,목동,서울특별시 양천구 목동 926-3 목동역,126.8654311,37.52606
133,오목교(목동운동장앞),5,양천구,목동,서울특별시 양천구 목동 406-30 오목교역,126.8737031,37.5250936
134,양평,5,영등포구,양평동2가,서울특별시 영등포구 양평동2가 33-79 양평역 ,126.8860734,37.5251429
135,영등포구청,5,영등포구,당산동3가,서울특별시 영등포구 당산동3가 556-1 영등포구청역(5호선),126.896256,37.526344
136,영등포시장,5,영등포구,영등포동5가,서울특별시 영등포구 영등포동5가 62-1 영등포시장역,126.9051249,37.5225026
137,신길,5,영등포구,영등포동1가,서울특별시 영등포구 영등포동1가 35 신길역,126.914616,37.5176785
138,여의도,5,영등포구,여의도동,서울특별시 영등포구 여의도동 3 여의도역,126.9244663,37.5217991
139,여의나루,5,영등포구,여의도동,서울특별시 영등포구 여의도동 84-4 여의나루역,126.9328452,37.5267506
140,마포,5,마포구,도화동,서울특별시 마포구 도화동 160 마포역,126.9459616,37.5397244
141,공덕,5,마포구,공덕동,"서울특별시 마포구 공덕동 423-29 공덕역(5, 6호선)",126.9574361,37.5474824
142,애오개,5,마포구,아현동,서울특별시 마포구 아현동 612 애오개역,126.9567497,37.5536193
143,충정로(경기대입구),5,서대문구,충정로3가,서울특별시 서대문구 충정로3가 248-1 충정로역(5호선),126.963978,37.561627
144,서대문,5,종로구,평동,서울특별시 종로구 평동 210 서대문역,126.9669625,37.5661698
145,광화문(세종문화회관),5,종로구,세종로,서울특별시 종로구 세종로 1-90 광화문역,126.976177,37.5696765
146,종로3가(탑골공원),5,종로구,낙원동,서울특별시 종로구 낙원동 126 종로3가역(5호선),126.992018,37.571484
147,을지로4가,5,중구,을지로4가,서울특별시 중구 을지로4가 192 을지로4가역(5호선),126.997631,37.56662
148,동대문역사문화공원,5,중구,광희동1가,서울특별시 중구 광희동1가 235-6 동대문역사문화공원역(5호선),127.007783,37.565111
149,청구,5,중구,신당동,"서울특별시 중구 신당동 295-2 청구역(5, 6호선)",127.0131005,37.5591145
150,신금호,5,성동구,금호동2가,서울특별시 성동구 금호동2가 223-1 신금호역,127.0200681,37.5542241
151,행당,5,성동구,행당동,서울특별시 성동구 행당동 317-241 행당역,127.029654,37.55741
152,왕십리(성동구청),5,성동구,행당동,서울특별시 성동구 행당동 192 왕십리역(5호선),127.0372276,37.5622586
153,마장,5,성동구,마장동,서울특별시 성동구 마장동 772 마장역,127.0429223,37.5660505
154,답십리,5,성동구,용답동,서울특별시 성동구 용답동 99 답십리역,127.0526017,37.5668422
155,장한평,5,동대문구,장안동,서울특별시 동대문구 장안동 472-3 장한평역,127.064657,37.561472
156,군자(능동),5,광진구,능동,"서울특별시 광진구 능동 275-5 군자역(5, 7호선)",127.079719,37.5569984
157,아차산(어린이대공원후문),5,광진구,능동,서울특별시 광진구 능동 256-16 아차산역,127.0889706,37.5528109
158,광나루(장신대),5,광진구,광장동,서울특별시 광진구 광장동 237 광나루역,127.1036523,37.5454285
159,천호(풍납토성),5,강동구,천호동,"서울특별시 강동구 천호동 455 천호역(5, 8호선)",127.1234213,37.5385777
160,강동,5,강동구,천호동,서울특별시 강동구 천호동 447 강동역,127.1340676,37.5356924
161,길동,5,강동구,길동,서울특별시 강동구 길동 378 길동역,127.1402046,37.5383746
162,굽은다리(강동구민회관앞),5,강동구,명일동,서울특별시 강동구 명일동 345-12 굽은다리역,127.14283,37.54619
163,명일,5,강동구,명일동,서울특별시 강동구 명일동 312 명일역,127.1428921,37.5510151
164,고덕,5,강동구,고덕동,서울특별시 강동구 고덕동 310 고덕역,127.1538766,37.5556248
165,상일동,5,강동구,상일동,서울특별시 강동구 상일동 148 상일동역,127.1568023,37.5528183
166,둔촌동,5,강동구,둔촌동,서울특별시 강동구 둔촌동 416 둔촌동역,127.136248,37.527664
167,올림픽공원(한국체대),5,송파구,방이동,서울특별시 송파구 방이동 89-28 올림픽공원역,127.13109,37.516628
168,방이,5,송파구,방이동,서울특별시 송파구 방이동 217-2 방이역,127.1256705,37.50828
169,오금,5,송파구,오금동,서울특별시 송파구 오금동 44-2 오금역,127.1263422,37.5032462
170,개롱,5,송파구,오금동,서울특별시 송파구 오금동 165-2 개롱역,127.1346598,37.4981619
171,거여,5,송파구,거여동,서울특별시 송파구 거여동 20-14 거여역,127.143597,37.493422
172,마천,5,송파구,마천동,서울특별시 송파구 마천동 307-4 마천역,127.152806,37.495027
173,응암,6,은평구,역촌동,서울특별시 은평구 역촌동 85-41 응암역,126.9155626,37.5986299
174,역촌,6,은평구,녹번동,서울특별시 은평구 녹번동 144-69 역촌역,126.9229527,37.6059994
175,불광,6,은평구,대조동,서울특별시 은평구 대조동 14-1 불광역(6호선),126.9298435,37.6105025
176,독바위,6,은평구,불광동,서울특별시 은평구 불광동 13-33 독바위역,126.933056,37.618397
177,연신내,6,은평구,갈현동,서울특별시 은평구 갈현동 397 연신내역,126.9211376,37.6191237
178,구산,6,은평구,구산동,서울특별시 은평구 구산동 1 구산역,126.9169368,37.6111396
179,새절(신사),6,은평구,신사동,서울특별시 은평구 신사동 337-5 새절역,126.9132724,37.5910797
180,증산(명지대앞),6,은평구,증산동,서울특별시 은평구 증산동 199-8 증산역,126.9092563,37.5836921
181,디지털미디어시티,6,은평구,수색동,서울특별시 은평구 수색동 37-36 디지털미디어시티역,126.9004205,37.5779636
182,월드컵경기장(성산),6,마포구,성산동,서울특별시 마포구 성산동 420 월드컵경기장역,126.899058,37.569656
183,마포구청,6,마포구,성산동,서울특별시 마포구 성산동 592 마포구청역,126.9041008,37.5626638
184,망원,6,마포구,망원동,서울특별시 마포구 망원동 378 망원역,126.909907,37.5557572
185,합정,6,마포구,합정동,서울특별시 마포구 합정동 414 합정역(6호선),126.9134767,37.5489656
186,상수,6,마포구,상수동,서울특별시 마포구 상수동 309-10 상수역,126.9226203,37.5466338
187,광흥창(서강),6,마포구,창전동,서울특별시 마포구 창전동 145-17 광흥창역,126.9319256,37.5474463
188,대흥(서강대앞),6,마포구,대흥동,서울특별시 마포구 대흥동 128-1 대흥역,126.942332,37.547674
189,공덕,6,마포구,공덕동,"서울특별시 마포구 공덕동 423-29 공덕역(5, 6호선)",126.9574361,37.5474824
190,효창공원앞,6,용산구,효창동,서울특별시 용산구 효창동 80 효창공원앞역,126.961356,37.539298
191,삼각지,6,용산구,한강로1가,서울특별시 용산구 한강로1가 228-1 삼각지역(6호선),126.9734515,37.5350315
192,녹사평(용산구청),6,용산구,용산동,서울특별시 용산구 용산동 4가 4 녹사평역,126.9870163,37.5347919
193,이태원,6,용산구,이태원동,서울특별시 용산구 이태원동 119-23 이태원역,126.9946564,37.5345103
194,한강진,6,용산구,한남동,서울특별시 용산구 한남동 726-494 한강진역,127.00199,37.54072
195,버티고개,6,중구,신당동,서울특별시 중구 신당동 366-454 버티고개역,127.0071227,37.5478919
196,약수,6,중구,신당동,서울특별시 중구 신당동 369-2 약수역(6호선),127.011639,37.553241
197,청구,6,중구,신당동,"서울특별시 중구 신당동 295-2 청구역(5, 6호선)",127.0131005,37.5591145
198,신당,6,중구,흥인동,서울특별시 중구 흥인동 162-1 신당역(6호선),127.0161118,37.567534
199,동묘앞,6,종로구,창신동,서울특별시 종로구 창신동 263-2 동묘앞역(6호선),127.016008,37.572729
200,창신,6,종로구,창신동,서울특별시 종로구 창신동 20-8 창신역,127.0146945,37.5795663
201,보문,6,성북구,보문동,서울특별시 성북구 보문동 1가 127-1 보문역,127.0201782,37.5855633
202,안암(고대병원앞),6,성북구,안암동5가,서울특별시 성북구 안암동5가 146-1 안암역,127.0293623,37.586051
203,고려대(종암),6,성북구,종암동,서울특별시 성북구 종암동 29-18 고려대역,127.035877,37.59041
204,월곡(동덕여대),6,성북구,하월곡동,서울특별시 성북구 하월곡동 35-1 월곡역,127.04132,37.601313
205,상월곡(한국과학기술연구원),6,성북구,상월곡동,서울특별시 성북구 상월곡동 26-1 상월곡역,127.0483129,37.6062263
206,돌곶이,6,성북구,석관동,서울특별시 성북구 석관동 349-8 돌곶이역,127.05675,37.61054
207,석계,6,노원구,월계동,서울특별시 노원구 월계동 25-2 석계역,127.0669139,37.615123
208,태릉입구,6,노원구,공릉동,"서울특별시 노원구 공릉동 616-4 태릉입구역(6, 7호선)",127.0749108,37.6172617
209,화랑대(서울여대입구),6,노원구,공릉동,서울특별시 노원구 공릉동 285-2 화랑대역,127.0843884,37.6201696
210,봉화산(서울의료원),6,중랑구,신내동,서울특별시 중랑구 신내동 643-1 봉화산역,127.0932784,37.6164431
211,장암,7,경기도 의정부시,장암동,경기도 의정부시 장암동 160-8 장암역,127.0530973,37.6998254
212,도봉산,7,도봉구,도봉동,서울특별시 도봉구 도봉동 38-3 도봉산역,127.0465149,37.6892434
213,수락산,7,노원구,상계동,서울특별시 노원구 상계동 1132-9 수락산역,127.0553068,37.6771548
214,마들,7,노원구,상계동,서울특별시 노원구 상계동 650 마들역,127.0569843,37.6675895
215,노원,7,노원구,상계동,서울특별시 노원구 상계동 729-0 노원역(7호선),127.061695,37.65435
216,중계,7,노원구,중계동,서울특별시 노원구 중계동 503-3 중계역,127.0652144,37.6425631
217,하계,7,노원구,하계동,서울특별시 노원구 하계동 273-5 하계역,127.0685438,37.6351911
218,공릉(서울과학기술대),7,노원구,공릉동,서울특별시 노원구 공릉동 385-4 공릉역,127.0728393,37.6258623
219,태릉입구,7,노원구,공릉동,"서울특별시 노원구 공릉동 616-4 태릉입구역(6, 7호선)",127.0749108,37.6172617
220,먹골,7,중랑구,묵동,서울특별시 중랑구 묵동 189-5 먹골역,127.077707,37.61078
221,중화,7,중랑구,중화동,서울특별시 중랑구 중화동 50-3 중화역,127.079416,37.601757
222,상봉(시외버스터미널),7,중랑구,상봉동,서울특별시 중랑구 상봉동 160-7 상봉역,127.0843699,37.5959947
223,면목,7,중랑구,면목동,서울특별시 중랑구 면목동 282-6 면목역,127.0873411,37.5891527
224,사가정,7,중랑구,면목동,서울특별시 중랑구 면목동 495 사가정역,127.0843345,37.5817877
225,용마산,7,중랑구,면목동,서울특별시 중랑구 면목동 1382-13 용마산역,127.086818,37.573793
226,중곡,7,광진구,중곡동,서울특별시 광진구 중곡동 273-2 중곡역,127.084086,37.565535
227,군자(능동),7,광진구,능동,"서울특별시 광진구 능동 275-5 군자역(5, 7호선)",127.079719,37.5569984
228,어린이대공원(세종대),7,광진구,화양동,서울특별시 광진구 화양동 164-1 어린이대공원역,127.0739401,37.5471129
229,건대입구,7,광진구,화양동,서울특별시 광진구 화양동 6-3 건대입구역(7호선),127.069253,37.540397
230,뚝섬유원지,7,광진구,자양동,서울특별시 광진구 자양동 73-2 뚝섬유원지역,127.0668458,37.5321213
231,청담,7,강남구,청담동,서울특별시 강남구 청담동 77-76 청담역,127.0520336,37.5191066
232,강남구청,7,강남구,삼성동,서울특별시 강남구 삼성동 111-44 강남구청역,127.041273,37.5171837
233,학동,7,강남구,논현동,서울특별시 강남구 논현동 279-67 학동역,127.0216392,37.5111584
234,논현,7,강남구,논현동,서울특별시 강남구 논현동 280 논현역,127.0218222,37.5103093
235,반포,7,서초구,잠원동,서울특별시 서초구 잠원동 103 반포역,127.01151,37.50796
236,고속터미널,7,서초구,반포동,서울특별시 서초구 반포동 19-11 고속터미널역(7호선),127.0049151,37.5049142
237,내방,7,서초구,방배동,서울특별시 서초구 방배동 874-16 내방역,126.99286,37.48763
238,이수,7,동작구,사당동,서울특별시 동작구 사당동 144-4 이수역,126.980963,37.4849508
239,남성,7,동작구,사당동,서울특별시 동작구 사당동 산 25-33 남성역,126.970673,37.484876
240,숭실대입구(살피재),7,동작구,상도동,서울특별시 동작구 상도동 514 숭실대입구역,126.9540341,37.4957957
241,상도,7,동작구,상도1동,서울특별시 동작구 상도1동 702-1 상도역,126.9476764,37.5028025
242,장승배기,7,동작구,상도동,서울특별시 동작구 상도동 26-20 장승배기역,126.9385948,37.5045422
243,신대방삼거리,7,동작구,대방동,서울특별시 동작구 대방동 406-10 신대방삼거리역,126.9282262,37.4996812
244,보라매,7,동작구,대방동,서울특별시 동작구 대방동 466-51 보라매역,126.9205715,37.4998737
245,신풍,7,영등포구,신길동,서울특별시 영등포구 신길동 3599 신풍역,126.9094236,37.5002786
246,대림(구로구청),7,구로구,대림동,서울특별시 구로구 대림동 1050-17 대림역(7호선),126.8966027,37.4927052
247,남구로,7,구로구,구로동,서울특별시 구로구 구로동 801-95 남구로역,126.8872862,37.4851265
248,가산디지털단지,7,금천구,가산동,서울특별시 금천구 가산동 54-3 가산디지털단지역,126.883016,37.481128
249,철산,7,광명시,철산동,경기도 광명시 철산동 526 철산역,126.8679003,37.4760554
250,광명사거리,7,광명시,광명동,경기도 광명시 광명동 158-211 광명사거리역,126.8547139,37.4792784
251,천왕,7,구로구,오류동,서울특별시 구로구 오류동 174-6 천왕역,126.838681,37.486686
252,온수(성공회대입구),7,구로구,온수동,서울특별시 구로구 온수동 53-1 온수역(7호선),126.823042,37.492097
253,까치울,7,부천시,원미구 춘의동,경기도 부천시 원미구 춘의동 3-1 까치울역,126.8011495,37.5060988
254,부천종합운동장,7,부천시,원미구 춘의동,경기도 부천시 원미구 춘의동 15-1 부천종합운동장역,126.797498,37.505452
255,춘의,7,부천시,원미구 춘의동,경기도 부천시 원미구 춘의동 145 춘의역,126.787095,37.503722
256,신중동,7,부천시,원미구 중동,경기도 부천시 원미구 중동 1140-6 신중동역,126.7762146,37.501902
257,부천시청,7,부천시,원미구 중동,경기도 부천시 원미구 중동 1243 부천시청역,126.7640261,37.5045826
258,상동,7,부천시,원미구 상동,경기도 부천시 원미구 상동 633 상동역,126.753163,37.505814
259,삼산체육관,7,부평구,삼산동,인천광역시 부평구 삼산동 466 삼산체육관역,126.7368787,37.5068138
260,굴포천,7,부평구,삼산동,인천광역시 부평구 삼산동 466 굴포천역,126.733071,37.507079
261,부평구청,7,부평구,갈산동,인천광역시 부평구 갈산동 193-45 부평구청역,126.721247,37.50745
262,암사,8,강동구,암사동,서울특별시 강동구 암사동 501 암사역,127.1281759,37.5511435
263,천호(풍납토성),8,강동구,천호동,"서울특별시 강동구 천호동 455 천호역(5, 8호선)",127.1234213,37.5385777
264,강동구청,8,강동구,성내동,서울특별시 강동구 성내동 319 강동구청역,127.1205399,37.5304447
265,몽촌토성(평화의문),8,송파구,신천동,서울특별시 송파구 신천동 19 몽촌토성역,127.113083,37.518545
266,잠실(송파구청),8,송파구,잠실동,서울특별시 송파구 잠실동 7-4 잠실역(8호선),127.1042019,37.5149545
267,석촌,8,송파구,석촌동,서울특별시 송파구 석촌동 209 석촌역,127.1070689,37.5057138
268,송파,8,송파구,가락동,서울특별시 송파구 가락동 459-4 송파역,127.112201,37.499739
269,가락시장,8,송파구,가락동,"서울특별시 송파구 가락동 184-23 가락시장역(3, 8호선)",127.1182216,37.4930463
270,문정,8,송파구,문정동,서울특별시 송파구 문정동 119-4 문정역,127.1211404,37.4881176
271,장지,8,송파구,장지동,서울특별시 송파구 장지동 201-5 장지역,127.1262269,37.4785871
272,복정,8,송파구,장지동,서울특별시 송파구 장지동 596-21 복정역,127.126685,37.470375
273,산성,8,성남시,수정구 신흥동,경기도 성남시 수정구 신흥동 7-4 산성역,127.1499344,37.4564866
274,남한산성입구(성남법원?검찰청),8,성남시,수정구 단대동,경기도 성남시 수정구 단대동 96 남한산성입구역,127.159837,37.451548
275,단대오거리,8,성남시,수정구 신흥동,경기도 성남시 수정구 신흥동 2467 단대오거리역,127.156725,37.445057
276,신흥,8,성남시,수정구 신흥동,경기도 성남시 수정구 신흥동 2467 신흥역,127.1463494,37.4407489
277,수진,8,성남시,수정구 수진동,경기도 성남시 수정구 수진동 2205-1 수진역,127.1409692,37.4376051
278,모란,8,성남시,수정구 수진동,경기도 성남시 수정구 수진동 4808 모란역,127.1295588,37.4340198
